Title,CustomerCode,CustomerNameNormalized,CountryName,CustomerType,IsActive,SortOrder
Abu Amin Group For Trade,2000016,ABU AMIN FOR TRADE,Yemen,Distributor,TRUE,100
Advance Pharma Co,3000119,ADVANCE PHARMA,Iraq,Distributor,TRUE,100
Afaq Int. Marketing & Import Free Zone,2000584,AFAQ INT MARKETING IMPORT FREE ZONE,Iraq,Distributor,TRUE,100
Afghan Tolo,2001150,AFGHAN TOLO,Export Head,Distributor,TRUE,100
Agri Gates General Trading L.l.c,2001919,AGRI GATES GENERAL,UAE,Distributor,TRUE,100
Al - Mojil Drug Co.,2000000,AL MOJIL DRUG,Kuwait,Distributor,TRUE,100
Al - Mojil Drug Co. (sgh),4555556,AL MOJIL DRUG SGH,Kuwait,Distributor,TRUE,100
Al Adeeb,2000425,AL ADEEB,Iraq,Distributor,TRUE,100
Al Ansar Marketing (amc),2000003,AL ANSAR MARKETING AMC,Egypt,Distributor,TRUE,100
Al Arz Scientific Bureau,3000130,AL ARZ SCIENTIFIC BUREAU,Iraq,Distributor,TRUE,100
Al Badeel Al Tiby Company,2001739,AL BADEEL AL TIBY,Libya,Distributor,TRUE,100
Al Dammam Pharma Trading Co. Ltd.,2000583,AL DAMMAM PHARMA,Sudan,Distributor,TRUE,100
Al Hashar Pharmacy (sgh),2000028,AL HASHAR PHARMACY SGH,Oman,Distributor,TRUE,100
Al Hashar Pharmacy Llc,2000006,AL HASHAR PHARMACY,Oman,Distributor,TRUE,100
Al Hikma Fzco Iraq,2000018,AL HIKMA IRAQ,Iraq,Distributor,TRUE,100
Al Hikma Fzco Yemen,2001284,AL HIKMA YEMEN,Yemen,Distributor,TRUE,100
Al Kanz Company,2001208,AL KANZ,Iraq,Distributor,TRUE,100
Al Manhal Company,2000945,AL MANHAL,Libya,Distributor,TRUE,100
Al Tafa'ol Trading Est.(sgh),2000164,AL TAFA OL SGH,Qatar,Distributor,TRUE,100
Al-tafa'ol Trading Est.,2000001,AL TAFA OL,Qatar,Distributor,TRUE,100
Ali Abdul Wahab Son's & Comp. (sgh),4555558,ALI ABDUL WAHAB SON S COMP SGH,Kuwait,Distributor,TRUE,100
Ali Abdulwahab Al-mutawa Commercial,2000004,ALI ABDULWAHAB AL MUTAWA COMMERCIAL,Kuwait,Distributor,TRUE,100
Alphamed,2000005,ALPHAMED,UAE,Distributor,TRUE,100
Alphamed Co Abu Dhabi Ltd Llc,3000229,ALPHAMED ABU DHABI,UAE,Distributor,TRUE,100
Alphamed Shj Est,3000228,ALPHAMED SHJ,UAE,Distributor,TRUE,100
Altes Pharm Ltd,2000686,ALTES PHARM,Kazakhstan,Distributor,TRUE,100
Alyaa Group Of Pharmacies,2000351,ALYAA OF PHARMACIES,Sudan,Distributor,TRUE,100
Aman Health Care Trade,2001169,AMAN HEALTH CARE TRADE,Ethiopia,Distributor,TRUE,100
Amba Pharmaceuticals Plc,2000017,AMBA PHARMACEUTICALS,Ethiopia,Distributor,TRUE,100
Antula Health Care Ab,3000032,ANTULA HEALTH CARE AB,Sweden,Distributor,TRUE,100
Arrow,2000014,ARROW,France,Distributor,TRUE,100
At Pharma Spa,2000958,AT PHARMA SPA,Algeria,Distributor,TRUE,100
Averroes Pharmaceuticals Sdn. Bhd.,2000190,AVERROES PHARMACEUTICALS SDN BHD,Malaysia,Distributor,TRUE,100
Behzad Pharmacy,2000002,BEHZAD PHARMACY,Bahrain,Distributor,TRUE,100
Behzad Pharmacy (sgh),2000025,BEHZAD PHARMACY SGH,Bahrain,Distributor,TRUE,100
Beker General Business Pl,2001482,BEKER GENERAL BUSINESS PL,Ethiopia,Distributor,TRUE,100
Bilquis Drug Store (yemen).,3000207,BILQUIS DRUG STORE YEMEN,Yemen,Distributor,TRUE,100
Biopharm Distribution Spa,2002209,BIOPHARM DISTRIBUTION SPA,Algeria,Distributor,TRUE,100
Central Bank Of Jordan,3000120,CENTRAL BANK OF JORDAN,Jordan,Distributor,TRUE,100
Centrala Farmaceuty. Cefarm,2000031,CENTRALA FARMACEUTY CEFARM,Poland,Distributor,TRUE,100
Dat International Trading P.l.c.,2000165,DAT INTERNATIONAL P L C,Ethiopia,Distributor,TRUE,100
Dawakum Llc,2001215,DAWAKUM,Oman,Distributor,TRUE,100
Dawakum Llc (sgh),2001225,DAWAKUM SGH,Oman,Distributor,TRUE,100
Dejen G/meskel,2000982,DEJEN G MESKEL,Ethiopia,Distributor,TRUE,100
Directorate Of Royal Medical Services,2000868,DIRECTORATE OF ROYAL MEDICAL SERVICES,Jordan,Distributor,TRUE,100
Droguerie Mercury S.a.l,2000008,DROGUERIE MERCURY S A L,Lebanon,Distributor,TRUE,100
Dubai Police General H.q.,2000030,DUBAI POLICE GENERAL H Q,UAE,Distributor,TRUE,100
Ebn Sina Medical,2001246,EBN SINA MEDICAL,Qatar,Distributor,TRUE,100
Eg Labo,2000015,EG LABO,France,Distributor,TRUE,100
El Hakeem For Importing Pharmaceutical,2001514,EL HAKEEM FOR IMPORTING PHARMACEUTICAL,Libya,Distributor,TRUE,100
Elkendi Pharmaceutical Mfg Co.,2000024,ELKENDI PHARMACEUTICAL MFG,Algeria,Distributor,TRUE,100
Elshifa Phama.industries Co.,2000011,ELSHIFA PHAMA INDUSTRIES,Sudan,Distributor,TRUE,100
Etab International Medical Plc,2000021,ETAB INTERNATIONAL MEDICAL,Ethiopia,Distributor,TRUE,100
Eurl Societe Tabuk Algerie-fg,1012189,EURL SOCIETE TABUK ALGERIE FG,Algeria,Distributor,TRUE,100
Evolan Pharma Ab,2000191,EVOLAN PHARMA AB,Sweden,Distributor,TRUE,100
Expert Scientific Bureau,2000019,EXPERT SCIENTIFIC BUREAU,Iraq,Distributor,TRUE,100
First Scientific Bureau.,3000118,FIRST SCIENTIFIC BUREAU,Iraq,Distributor,TRUE,100
Gb-pharm,2000646,GB PHARM,Algeria,Distributor,TRUE,100
Geo-pharm,2000556,GEO PHARM,Algeria,Distributor,TRUE,100
Get-as International Plc,2000948,GET AS INTERNATIONAL,Tabuk Factory,Distributor,TRUE,100
Ghq Directorate Of Royal Medical Service,3000121,GHQ DIRECTORATE OF ROYAL MEDICAL SERVICE,Jordan,Distributor,TRUE,100
Globicare Pharmaceuticals.co.ltd,2000691,GLOBICARE PHARMACEUTICALS,Sudan,Distributor,TRUE,100
Green International Medical Co. Wll,2001307,GREEN INTERNATIONAL MEDICAL WLL,Bahrain,Distributor,TRUE,100
Hamad Medical Corporation,2000027,HAMAD MEDICAL CORPORATION,Qatar,Distributor,TRUE,100
Hamad Town Pharmacy,2000009,HAMAD TOWN PHARMACY,Bahrain,Distributor,TRUE,100
Hamad Town Pharmacy (sgh ),2000933,HAMAD TOWN PHARMACY SGH,Bahrain,Distributor,TRUE,100
Hesma Pharma.,2000585,HESMA PHARMA,Ethiopia,Distributor,TRUE,100
Hospital Central Lar(hca)(ins),2000037,HOSPITAL CENTRAL LAR HCA INS,Algeria,Distributor,TRUE,100
Hospital Militaire Reg.(ins.),2000039,HOSPITAL MILITAIRE REG INS,Algeria,Distributor,TRUE,100
Ibn Sina Pharmacy Llc-oman,2002009,IBN SINA PHARMACY OMAN,Oman,Distributor,TRUE,100
Injaz Scientific Bureau,2001349,INJAZ SCIENTIFIC BUREAU,Iraq,Distributor,TRUE,100
Issac General Trading& Contracting Co,2001251,ISSAC GENERAL CONTRACTING,Kuwait,Distributor,TRUE,100
Kare Pharmaceutical Plc,2001332,KARE PHARMACEUTICAL,Ethiopia,Distributor,TRUE,100
Kfk Medservice Plus Ltd.,2000033,KFK MEDSERVICE PLUS,Kazakhstan,Distributor,TRUE,100
Kimadia,2001027,KIMADIA,Iraq,Distributor,TRUE,100
"Komba-pharm ""ltd""",2000032,KOMBA PHARM,Kazakhstan,Distributor,TRUE,100
Laboratoires Salem,2000208,LABORATOIRES SALEM,Algeria,Distributor,TRUE,100
Lanamed Pharmaceuticals Import,2001209,LANAMED PHARMACEUTICALS IMPORT,Ethiopia,Distributor,TRUE,100
Ldm(lab.de Diagnos. Maghrebin),2000035,LDM LAB DE DIAGNOS MAGHREBIN,Algeria,Distributor,TRUE,100
Lifepharma Fze,2000990,LIFEPHARMA,UAE,Distributor,TRUE,100
Maskati Pharmacy Co. W.l.l,2001359,MASKATI PHARMACY W L L,Bahrain,Distributor,TRUE,100
Meda - Ab,2000010,MEDA AB,Sweden,Distributor,TRUE,100
Medi-pro Suarl,2000574,MEDI PRO SUARL,Tunisia,Distributor,TRUE,100
Mersaco S.a.l.,2000902,MERSACO S A L,Lebanon,Distributor,TRUE,100
Meti Trading Plc,2001270,METI,Ethiopia,Distributor,TRUE,100
Ministry Of Health (sgh) Kuwait,2000029,MINISTRY OF HEALTH SGH KUWAIT,Kuwait,Distributor,TRUE,100
Ministry Of Health And Prevention Dubai,2000026,MINISTRY OF HEALTH AND PREVENTION DUBAI,UAE,Distributor,TRUE,100
Modern Pharmaceutical Llc,2001241,MODERN PHARMACEUTICAL,UAE,Distributor,TRUE,100
Mullege Plc,2000974,MULLEGE,Ethiopia,Distributor,TRUE,100
Munir Sukhtian Group Company,3555557,MUNIR SUKHTIAN,Jordan,Distributor,TRUE,100
Nas Pharma Co. Ltd.,2001314,NAS PHARMA,Sudan,Distributor,TRUE,100
Negadras General Trading Company Plc,2001336,NEGADRAS GENERAL,Ethiopia,Distributor,TRUE,100
Novapharm Trading,2000197,NOVAPHARM,Algeria,Distributor,TRUE,100
Pan Pahrma,2000013,PAN PAHRMA,France,Distributor,TRUE,100
Pharmacie Centrale De Tunisie,2000575,PHARMACIE CENTRALE DE TUNISIE,Tunisia,Distributor,TRUE,100
Pharmacie Centrale Des Hopitaux,2000883,PHARMACIE CENTRALE DES HOPITAUX,Algeria,Distributor,TRUE,100
Pharmacie Centrale Des Hopitaux (pch),2000023,PHARMACIE CENTRALE DES HOPITAUX PCH,Algeria,Distributor,TRUE,100
Pharmaoverseas Trading & Distribution Of,2002109,PHARMAOVERSEAS DISTRIBUTION OF,Egypt,Distributor,TRUE,100
Pharmatic For Trading & Investments,2000201,PHARMATIC FOR INVESTMENTS,Sudan,Distributor,TRUE,100
Rama,2000639,RAMA,Iraq,Distributor,TRUE,100
Ranbaxy Laboratories Limited,2000577,RANBAXY LABORATORIES,Russia,Distributor,TRUE,100
Roots Pharmaceutical Company,2002042,ROOTS PHARMACEUTICAL,Kuwait,Distributor,TRUE,100
Saja Allail Company,2002039,SAJA ALLAIL,Libya,Distributor,TRUE,100
Samt For Medical Supplies,2000012,SAMT FOR MEDICAL SUPPLIES,Libya,Distributor,TRUE,100
Sarl Groupement Pharma. Europeen,2000486,SARL GROUPEMENT PHARMA EUROPEEN,Algeria,Distributor,TRUE,100
Sarl Pharmethic,2000815,SARL PHARMETHIC,Algeria,Distributor,TRUE,100
Sas Company,2000036,SAS,Algeria,Distributor,TRUE,100
Shahdi Ltd.,2000034,SHAHDI,Kazakhstan,Distributor,TRUE,100
Sheikh Khalifa Medical City,4000000,SHEIKH KHALIFA MEDICAL CITY,UAE,Distributor,TRUE,100
Sheker Pharmaceutical And Medical,2000659,SHEKER PHARMACEUTICAL AND MEDICAL,Ethiopia,Distributor,TRUE,100
Société Interpharma,2000196,SOCI T INTERPHARMA,Tunisia,Distributor,TRUE,100
Tabuk Algeria Customer,2000038,TABUK ALGERIA CUSTOMER,Algeria,Distributor,TRUE,100
Tabuk Pharmaceutical Man-egypt,2000728,TABUK PHARMACEUTICAL MAN EGYPT,Egypt,Distributor,TRUE,100
Tabuk Pharmaceuticals Co. Ltd,3555572,TABUK PHARMACEUTICALS,Sudan,Distributor,TRUE,100
Tabuk South Sudan,3555580,TABUK SOUTH SUDAN,Sudan,Distributor,TRUE,100
Tabuk Trading,2000855,TABUK,Egypt,Distributor,TRUE,100
"The Director, Central Medical Stores Adm",3000124,THE DIRECTOR CENTRAL MEDICAL STORES ADM,Kuwait,Distributor,TRUE,100
Theramaf Sarl,2000537,THERAMAF SARL,Algeria,Distributor,TRUE,100
Tracon Trading Plc,2001210,TRACON,Ethiopia,Distributor,TRUE,100
Ufq Kurdistan Company,3000122,UFQ KURDISTAN,Iraq,Distributor,TRUE,100
Ufq Kurdistan Company General Trading,2001350,UFQ KURDISTAN GENERAL,Iraq,Distributor,TRUE,100
Unicare Medical,2002279,UNICARE MEDICAL,UAE,Distributor,TRUE,100
Vecopharm,2000426,VECOPHARM,Algeria,Distributor,TRUE,100
Wellcare Trading Wll,2001256,WELLCARE WLL,Qatar,Distributor,TRUE,100
Zemera Trading Plc,2000981,ZEMERA,Ethiopia,Distributor,TRUE,100
Zenith Pharma,2000022,ZENITH PHARMA,Morocco,Distributor,TRUE,100
Zydus France S.a.s,2000020,ZYDUS FRANCE S A S,France,Distributor,TRUE,100
